"T0123456E","Melissa","1111000011110000","08/22","734","VISA"
"T7654321D","Wang Luo","4321432143214321","12/24","567","AMEX"
"T1234567F","Kar Min","1111222233334444","12/24","321","AMEX"
"T2572849F","Valeria","6789027896254789","02/24","247","VISA"
"P72373","Raydon","7834678923459834","02/24","978","MASTERCARD"
"Passport","Vignesh","7823456789234567","02/23","523","MASTERCARD"
"T8383726G","Pravind","2378659345723897","09/24","253","MASTERCARD"
"T8386217G","Owan","8658923457689347","10/24","253","MASTERCARD"
"T0123726G","Daphne","9834759828295123","02/23","890","AMEX"
"CH1N4","Huang Cao","9834658235862300","09/24","025","MASTERCARD"
"T0212345Z","Mark","1234123412344321","08/24","290","MASTERCARD"
